{
    "examples": [
        {
            "input": [
                {
                    "content": [
                        1, 
                        8, 
                        5, 
                        6.912931, 
                        3, 
                        2, 
                        6, 
                        5.119676, 
                        4, 
                        7, 
                        1, 
                        7.47201, 
                        2, 
                        8, 
                        4, 
                        7.345583, 
                        5, 
                        8, 
                        5, 
                        9.41205
                    ], 
                    "header": [
                        "id", 
                        "prod", 
                        "clnt", 
                        "order"
                    ]
                }, 
                {
                    "content": [
                        3, 
                        2, 
                        6, 
                        5.119676, 
                        5, 
                        8, 
                        5, 
                        9.41205
                    ], 
                    "header": [
                        "id", 
                        "prod", 
                        "clnt", 
                        "order"
                    ]
                }
            ], 
            "output": {
                "content": [
                    2, 
                    6, 
                    5.119676, 
                    8, 
                    5, 
                    8.1624905
                ], 
                "header": [
                    "prod", 
                    "clnt", 
                    "mean.order"
                ]
            }
        }
    ], 
    "name": "r27"
}