{
    "examples": [
        {
            "input": [
                {
                    "content": [
                        101, 
                        1, 
                        2, 
                        3, 
                        102, 
                        2, 
                        2, 
                        3, 
                        103, 
                        3, 
                        2, 
                        3
                    ], 
                    "header": [
                        "id", 
                        "a", 
                        "b", 
                        "c"
                    ]
                }
            ], 
            "output": {
                "content": [
                    101, 
                    2, 
                    1, 
                    2, 
                    3, 
                    102, 
                    2.33333333333333, 
                    2, 
                    2, 
                    3, 
                    103, 
                    2.66666666666667, 
                    3, 
                    2, 
                    3
                ], 
                "header": [
                    "id", 
                    "mean", 
                    "a", 
                    "b", 
                    "c"
                ]
            }
        }
    ], 
    "name": "r31"
}