{
    "examples": [
        {
            "input": [
                {
                    "content": [
                        0, 
                        8760, 
                        8900, 
                        10000, 
                        8030, 
                        2337.844, 
                        924.2742, 
                        1120.785, 
                        1592.646, 
                        1.90625, 
                        13300, 
                        11900, 
                        12100, 
                        3860, 
                        1016.291, 
                        2308.2661, 
                        3581.763, 
                        1031.057, 
                        3, 
                        14500, 
                        7320, 
                        12300, 
                        1750, 
                        2945.098, 
                        1308.0389, 
                        4338.897, 
                        1793.583, 
                        4, 
                        16200, 
                        9160, 
                        15100, 
                        2710, 
                        1006.893, 
                        514.2177, 
                        4362.261, 
                        2691.648
                    ], 
                    "header": [
                        "Day", 
                        "HL.Average", 
                        "D.Average", 
                        "LL.Average", 
                        "noHKB.Average", 
                        "HL.SD", 
                        "D.SD", 
                        "LL.SD", 
                        "noHKB.SD"
                    ]
                }
            ], 
            "output": {
                "content": [
                    0, 
                    "D", 
                    8900, 
                    924.2742, 
                    0, 
                    "HL", 
                    8760, 
                    2337.844, 
                    0, 
                    "LL", 
                    10000, 
                    1120.785, 
                    0, 
                    "noHKB", 
                    8030, 
                    1592.646, 
                    1.90625, 
                    "D", 
                    11900, 
                    2308.2661, 
                    1.90625, 
                    "HL", 
                    13300, 
                    1016.291, 
                    1.90625, 
                    "LL", 
                    12100, 
                    3581.763, 
                    1.90625, 
                    "noHKB", 
                    3860, 
                    1031.057, 
                    3, 
                    "D", 
                    7320, 
                    1308.0389, 
                    3, 
                    "HL", 
                    14500, 
                    2945.098, 
                    3, 
                    "LL", 
                    12300, 
                    4338.897, 
                    3, 
                    "noHKB", 
                    1750, 
                    1793.583, 
                    4, 
                    "D", 
                    9160, 
                    514.2177, 
                    4, 
                    "HL", 
                    16200, 
                    1006.893, 
                    4, 
                    "LL", 
                    15100, 
                    4362.261, 
                    4, 
                    "noHKB", 
                    2710, 
                    2691.648
                ], 
                "header": [
                    "Day", 
                    "Group", 
                    "Average", 
                    "SD"
                ]
            }
        }
    ], 
    "name": "r43"
}